{"cameraMode":{"drawMode":0,"name":"Shaded","section":"Shading Mode"},"sceneLighting":false,"audioPlay":false,"sceneViewState":{"m_AlwaysRefresh":true,"showFog":true,"showSkybox":false,"showFlares":true,"showImageEffects":true,"showParticleSystems":true,"showVisualEffectGraphs":true,"m_FxEnabled":true},"in2DMode":false,"pivot":{"x":-0.6200000047683716,"y":4.090000152587891,"z":-11.010000228881836},"rotation":{"x":0.17606870830059052,"y":-0.2024814933538437,"z":0.037025708705186847,"w":0.962647557258606},"size":1.2674235105514527,"orthographic":false}