{"cameraMode":{"drawMode":0,"name":"Shaded","section":"Shading Mode"},"sceneLighting":false,"audioPlay":false,"sceneViewState":{"m_AlwaysRefresh":true,"showFog":true,"showSkybox":false,"showFlares":true,"showImageEffects":true,"showParticleSystems":true,"showVisualEffectGraphs":true,"m_FxEnabled":true},"in2DMode":false,"pivot":{"x":0.8862040042877197,"y":10.975025177001954,"z":-0.8128843307495117},"rotation":{"x":0.2832848131656647,"y":-0.03482438996434212,"z":0.010277669876813889,"w":0.9583932757377625},"size":5.207511901855469,"orthographic":false}