{"cameraMode":{"drawMode":0,"name":"Shaded","section":"Shading Mode"},"sceneLighting":false,"audioPlay":false,"sceneViewState":{"m_AlwaysRefresh":true,"showFog":true,"showSkybox":false,"showFlares":true,"showImageEffects":true,"showParticleSystems":true,"showVisualEffectGraphs":true,"m_FxEnabled":true},"in2DMode":false,"pivot":{"x":2.1534862518310549,"y":-0.8297891616821289,"z":2.1922733783721926},"rotation":{"x":0.28774428367614748,"y":0.6332752704620361,"z":-0.27441316843032839,"w":0.6640449166297913},"size":7.171696186065674,"orthographic":false}