{"cameraMode":{"drawMode":0,"name":"Shaded","section":"Shading Mode"},"sceneLighting":false,"audioPlay":false,"sceneViewState":{"m_AlwaysRefresh":true,"showFog":true,"showSkybox":false,"showFlares":true,"showImageEffects":true,"showParticleSystems":true,"showVisualEffectGraphs":true,"m_FxEnabled":true},"in2DMode":false,"pivot":{"x":-0.6200000047683716,"y":4.090000152587891,"z":-11.010000228881836},"rotation":{"x":0.06884089857339859,"y":-0.9175065755844116,"z":0.18207401037216187,"w":0.3469061255455017},"size":0.36742347478866579,"orthographic":false}