{"cameraMode":{"drawMode":0,"name":"Shaded","section":"Shading Mode"},"sceneLighting":false,"audioPlay":false,"sceneViewState":{"m_AlwaysRefresh":true,"showFog":true,"showSkybox":true,"showFlares":true,"showImageEffects":true,"showParticleSystems":true,"showVisualEffectGraphs":true,"m_FxEnabled":true},"in2DMode":false,"pivot":{"x":-12.25744342803955,"y":9.348515510559082,"z":-10.392648696899414},"rotation":{"x":0.1710551530122757,"y":-0.007704322692006826,"z":0.0013126350240781904,"w":0.9852705597877502},"size":3.363499879837036,"orthographic":false}