{"cameraMode":{"drawMode":0,"name":"Shaded","section":"Shading Mode"},"sceneLighting":false,"audioPlay":false,"sceneViewState":{"m_AlwaysRefresh":true,"showFog":true,"showSkybox":true,"showFlares":true,"showImageEffects":true,"showParticleSystems":true,"showVisualEffectGraphs":true,"m_FxEnabled":true},"in2DMode":false,"pivot":{"x":-12.00698184967041,"y":10.251646041870118,"z":-13.765033721923829},"rotation":{"x":-0.05185166746377945,"y":-0.028725769370794297,"z":0.0016587056452408434,"w":-0.9982956647872925},"size":2.833012342453003,"orthographic":false}