{"cameraMode":{"drawMode":0,"name":"Shaded","section":"Shading Mode"},"sceneLighting":false,"audioPlay":false,"sceneViewState":{"m_AlwaysRefresh":true,"showFog":true,"showSkybox":true,"showFlares":true,"showImageEffects":true,"showParticleSystems":true,"showVisualEffectGraphs":true,"m_FxEnabled":true},"in2DMode":false,"pivot":{"x":530.6270141601563,"y":214.21473693847657,"z":81.34782409667969},"rotation":{"x":-0.05185166746377945,"y":-0.028725769370794297,"z":0.0016587056452408434,"w":-0.9982956647872925},"size":393.916748046875,"orthographic":false}