{"cameraMode":{"drawMode":0,"name":"Shaded","section":"Shading Mode"},"sceneLighting":false,"audioPlay":false,"sceneViewState":{"m_AlwaysRefresh":true,"showFog":true,"showSkybox":true,"showFlares":true,"showImageEffects":true,"showParticleSystems":true,"showVisualEffectGraphs":true,"m_FxEnabled":true},"in2DMode":false,"pivot":{"x":156.01417541503907,"y":147.4093017578125,"z":86.26518249511719},"rotation":{"x":-0.08029742538928986,"y":-0.019699063152074815,"z":0.0017439047805964947,"w":-0.996629536151886},"size":447.9136047363281,"orthographic":false}